Dwarka,28.5921401,77.0460481
Rohini,28.7494716,77.0565333
Pitampura,28.6953642,77.1535494
Greater Kailash,28.5428238,77.23954789999999
Lajpat Nagar,28.5676955,77.2432721
Paschim Vihar,28.66866719999999,77.10194
Janakpuri,28.621899,77.08783849999999
Uttam Nagar,28.6212718,77.0613266
Vasundhara Enclave,28.5990303,77.31592959999999
Vasant Vihar,28.560323,77.16172809999999
Mayur Vihar,28.6146243,77.3121575
Model Town,28.7158727,77.1910738
South Extension,28.5732907,77.2219418
East Of Kailash,28.5583464,77.2530829
Punjabi Bagh,28.673751,77.12733759999999
Tilak Nagar,28.6390693,77.0867741
Adarsh Nagar,28.7144517,77.16676009999999
Adhchini,28.5363184,77.19752299999999
Agra-Mathura Road,28.6112384,77.2401143
Ajmeri Gate,28.642701,77.2247081
Alaknanda,28.5304408,77.2505733
Ali Pur,28.7972263,77.13313629999999
Ambedkar Nagar,28.5183848,77.2369229
Ambedkar Road,28.7160128,77.2988534
Ambedkar Road- Gaziabad,28.7191474,77.3007092
Anand Niketan,28.5789383,77.16505269999999
Anand Parbat,28.6649414,77.1747773
Anand Parbat Industrial Area,28.6609414,77.1718822
Anand Vihar,28.650218,77.30270589999999
Andrews Ganj,28.5626799,77.2275823
Arjun Nagar,28.6564812,77.29043779999999
Asaf Ali Road,28.6421149,77.23260239999999
Ashok Nagar,28.6373773,77.1014442
Ashok Vihar,28.6884549,77.17575029999999
Ashok Vihar 1,28.6884549,77.17575029999999
Ashok Vihar Phase 1,28.6916606,77.16720939999999
Ashok Vihar Phase 2,28.6958633,77.1736794
Ashok Vihar Phase 3,28.6944491,77.1781451
Ashram,28.5395285,77.2007462
Atta,28.6729923,77.2725505
Aurangzeb Road,28.6027959,77.219678
Aurobindo Marg,28.5564305,77.2063093
Azad Market,28.66307849999999,77.21154969999999
Azad Nagar,28.6672814,77.1950638
Azad Nagar East,28.6636157,77.2825378
Azadpur,28.7102951,77.1752448
Babarpur,28.6876088,77.2821608
Badarpur,28.4928919,77.3238274
Badarpur Border,28.491765,77.304035
Badarpur Pahari,28.4947856,77.3058772
Badli,28.7324287,77.1442022
Badli Industrial Area,28.7473999,77.1323373
Bahadur Shah Zafar Marg,28.6309308,77.2441075
Bahadurgarh,28.6924464,76.9239727
Bajriyan,28.6139391,77.2090212
Bali Nagar,28.6549734,77.1321054
Baljit Nagar,28.6570858,77.1610719
Ballabgarh,28.5639909,77.1694242
Ballabhgarh,28.5639909,77.1694242
Bara Hindu Rao,28.6613574,77.2024306
Barakhamba Road,28.6286466,77.2268253
Basai,28.4603189,76.9844026
Basai Darapur,28.6561747,77.133416
Basai Road,28.4831229,76.9087364
Bawana,28.8054651,77.0463008
Ber Sarai,28.54878,77.1815314
Bhagirath Palace,28.6572676,77.2341464
Bhagirathi Vihar,28.705882,77.2785876
Bhagwan Nagar,28.5791483,77.2593734
Bhajanpura,28.7004534,77.25919379999999
Bhangel,28.5419128,77.388143
Bharat Nagar,28.6392477,77.2110547
Bhikaji Cama Place,28.567924,77.1880786
Bhim Nagar,28.5523964,77.201135
Bhiwadi,28.46754,77.081778
Bhogal,28.584023,77.2484181
Bhola Nath Nagar,28.6694348,77.28720609999999
Bhopura,28.7006197,77.3288529
Bijwasan,28.5349468,77.0557525
Brahm Puri,28.684129,77.4199931
Brahmapuri Road,28.6813612,77.26758690000001
Brij Vihar,28.6705461,77.33674979999999
Budh Nagar,28.6329165,77.1449212
Budh Vihar,28.7169943,77.0881034
Bulandshahr Road Industrial Area,28.6408733,77.4383721
Bulandshahar Road Industrial Area,28.6408733,77.4383721
Burari,28.7535212,77.19482409999999
Chakarpur,28.6279488,77.2786205
Chander Nagar,28.6524841,77.2800257
Chandni Chowk,28.6505942,77.23032839999999
Chandu Nagar,28.7088143,77.26422219999999
Chanakya Place,28.6155391,77.0784508
Chanakyapuri,28.5938532,77.1887364
Chhatarpur,28.4958562,77.1848254
Chawri Bazar,28.6494074,77.2263241
Chikambarpur,28.677412,77.3259812
Chirag Delhi,28.5376318,77.2282863
Chiranjeev Vihar,28.6139391,77.2090212
Chittaranjan Park,28.535291,77.25093749999999
Civil Lines,28.6814284,77.2226866
Connaught Circus,28.6334678,77.2228646
Connaught Place,28.6314512,77.2166672
Dabri,28.6096751,77.0895421
Dadri Road,28.5887152,77.29715809999999
Dakshinpuri,28.5207415,77.2390784
Dallupura,28.6004677,77.319462
Dariba Kalan,28.6552556,77.2342286
Daryaganj,28.6448474,77.24037729999999
Dasna Gate,28.66492199999999,77.4232779
Daya Basti,28.669285,77.1729605
Dayalpur,28.7203701,77.271705
Dayanand Colony,28.5625103,77.2484181
Dayanand Vihar,28.6443433,77.30228679999999
Defence Colony,28.5726334,77.23250999999999
Delhi Cantt,28.5961279,77.1587375
Delhi Gate,28.6405645,77.24177259999999
Delhi GPO,28.6994198,77.08213959999999
Delhi High Court,28.6086036,77.23548590000001
Delhi Road,28.5384273,77.1988808
Derawal Nagar,28.6973788,77.1894934
Desh Bandhu Gupta Road,28.6481574,77.2009752
Dev Nagar,28.6554076,77.18518069999999
Dhaula Kuan,28.5956381,77.1628404
Dilshad Colony,28.6843388,77.3310067
Dilshad Garden,28.6844089,77.31522
DLF Phase 1,28.4650453,77.10071169999999
DLF City,28.6566052,77.1420899
DLF City Phase 1,28.4650453,77.10071169999999
DLF City Phase 2,28.4876667,77.0881034
DLF City Phase 3,28.4916812,77.094897
DLF City Phase 4,28.4646699,77.0844801
DLF City Phase II,28.4876667,77.0881034
DLF City Phase III,28.4916812,77.094897
DLF City Phase IV,28.4646699,77.0844801
DLF Industrial Area,28.4586615,77.3109035
DLF Phase 2,28.4876667,77.0881034
DLF Phase 4,28.4646699,77.0844801
DLF Phase II,28.4876667,77.0881034
DLF Phase IV,28.4646699,77.0844801
Dr. Mukherjee Nagar,28.705484,77.2035219
Dr. Mukherji Nagar,28.705484,77.2035219
Dr Mukherjee Nagar ,28.705484,77.2035219
Durgapuri,28.689384,77.295908
Dwarka Sector 6,28.5928446,77.0636419
Dwarka Sector 10,28.5849492,77.05828439999999
Dwarka Sector 11,28.5914547,77.04925039999999
Dwarka Sector 12,28.5937647,77.0434934
Dwarka Sector 19,28.5852904,77.04754430000001
Dwarka Sector 3,28.6078176,77.04061469999999
Dwarka Sector 4,28.6029202,77.04925039999999
Dwarka Sector 5,28.5980218,77.0578855
Dwarka Sector 7,28.5842915,77.07155639999999
Dwarka Sector 9,28.5744479,77.0651709
East Krishna Nagar,28.6591439,77.2882833
East Patel Nagar,28.6463546,77.1729605
Faridabad Old,28.4203197,77.31420899999999
Faridabad Sector 15 A,28.3952729,77.3238274
Faridabad Sector 16,28.4138045,77.3223915
Faridabad Sector 7,28.3623771,77.3252633
Fateh Nagar,28.6303737,77.10056999999999
Fatehpuri,28.6563683,77.2214745
Friends Colony,28.5668488,77.26638799999999
Friends Colony East,28.5668488,77.26638799999999
G B Road,28.6506828,77.22057559999999
G T Karnal Road,28.6928317,77.19022559999999
G T Karnal Road Industrial Area,28.6955329,77.18518069999999
Gagan Vihar,28.494636,77.3266512
Gandhi Nagar,28.6620175,77.2634953
Ganesh Nagar,28.6245815,77.2828969
Garhi,28.5570462,77.2512917
Garima Garden,28.6937851,77.3475174
Gautam Budh Nagar,28.6139391,77.2090212
Gautam Nagar,28.5620966,77.2139292
Gazipur,28.6286586,77.3207839
Geeta Colony,28.6520893,77.27120149999999
Geetanjali Enclave,28.5308814,77.2024306
Gharoli,28.6171805,77.3299384
Ghaziabad,28.6139391,77.2090212
Ghaziabad Sector 11,28.6546402,77.4113845
Ghaziabad Sector 12,28.5962491,77.3396212
Ghaziabad Sector 3,28.6873246,77.3625903
Ghaziabad Sector 4,28.6812118,77.3661788
Ghaziabad Sector 9,28.6447833,77.4286011
Ghazipur,28.6286586,77.3207839
Ghazipur Road,28.6242061,77.3193228
Ghitorni,28.4964413,77.1393872
Ghonda Chowk,28.6903201,77.2656588
Gokalpuri,28.7034255,77.2828969
Gol Market,28.633736,77.20557020000001
Gole Market,28.633736,77.20557020000001
Golf Link,28.5965509,77.2308302
Govindpuri,28.5354383,77.26393259999999
Greater Kailash 1,28.5555328,77.233732
Greater Kailash 2,28.53536,77.2419522
Greater Kailash Enclave,28.6116033,77.3130268
Greater Kailash Enclave-1,28.5447521,77.24267069999999
Greater Kailash Part 1,28.6116033,77.3130268
Greater Kailash Part 2,28.6047368,77.3080313
Greater Noida,28.4743879,77.50399039999999
Green Fields Colony,28.4653483,77.2967748
Green Park,28.5584489,77.2029376
GT Karnal Road,28.6928317,77.19022559999999
 GT Road,28.6763816,77.20240419999999
Gujranwala Town,28.7005219,77.18894759999999
Gulabi Bagh,28.6724241,77.19195959999999
Gulmohar Park,28.5572098,77.2127891
Gurgaon Road,28.4450286,76.9906752
Gurgaon Sector 12,28.5743032,77.17655479999999
Gurgaon Sector 14,28.4707417,77.0463719
Gurgaon Sector 15,28.4621359,77.0463719
Gurgaon Sector 53,28.4396185,77.0971527
Guru Nanak Pura,28.6331422,77.28056269999999
Guru Teg Bahadur Nagar,28.6966531,77.2057554
Gurudwara Road,28.6483603,77.1929091
Haidarpur,28.7224969,77.1446978
Hamilton Road,28.6626183,77.22807279999999
Hapur Road,28.6744436,77.4016247
Hargovind Enclave,28.6475873,77.2986963
Hari Nagar,28.6248596,77.11086809999999
Harola,28.5878278,77.3188016
Hasanpur,28.6330401,77.3116215
Hauz Khas,28.5494489,77.2001368
Hauz Khas Enclave,28.5479558,77.2009932
Hauz Khas Village,28.5494489,77.2001368
Hauz Qazi,28.6491421,77.2278244
I G I Airport,28.5456733,77.10919890000001
I N A Market,28.66307849999999,77.21154969999999
I.T.O,28.6415494,77.22081229999999
IMT Manesar,28.3754567,76.90668289999999
INA Colony,28.5782211,77.2126241
Inder Lok,28.6735115,77.1702123
Indralok,28.6722038,77.1652136
Inder Puri,28.6319998,77.14509939999999
Indira Gandhi International Airport,28.5561624,77.0999578
Indira Puram,28.6334678,77.2228646
IndiraPuram,28.641485,77.3713856
Indraprastha Extension,28.6295233,77.3123396
Islampur,28.4900747,77.3396212
Jacombpura,28.4625522,77.0283798
Jaffrabad,28.6841295,77.2721327
Jagatpuri,28.6484761,77.2929513
Jahangir Puri,28.7055419,77.1812273
Jahangirpuri,28.7296171,77.16663129999999
Jail Road,28.6194032,77.1044513
Jama Masjid,28.6516128,77.23548590000001
Jamia Nagar,28.5538528,77.295553
Janakpuri District Centre,28.6295538,77.0801899
Jangpura,28.5821032,77.2485251
Jangpura Extension,28.5774439,77.24741039999999
Janpath,28.6278172,77.2189594
Jasola,28.5473444,77.2891216
Jasola Vihar,28.5470294,77.28936060000001
Jatwara,28.6424193,77.2400609
Jawahar Colony,28.3669747,77.2847346
Jeevan Nagar,28.4295136,77.33674979999999
Jhandewalan,28.6472827,77.2028368
Jhandewalan Extension,28.645591,77.2024306
Jheel,28.657407,77.27277029999999
Jheel Khurenja,28.6567384,77.2742782
Jhilmil Colony,28.6708194,77.30756939999999
Jhilmil Industrial Area,28.6746182,77.3116215
Jia Sarai,28.5458173,77.1898528
Jitar Nagar,28.6457287,77.29043779999999
Jor Bagh,28.5877575,77.215312
Jungpura,28.5821032,77.2485251
Kailash Colony,28.5534601,77.24258069999999
Kailash Nagar,28.66527,77.2584755
Kalkaji,28.5374198,77.2597274
Kalkaji DDA Flats,28.5296202,77.2543452
Kalkaji Extension,28.5421788,77.2567012
Kallupura,28.6004677,77.319462
Kalu Sarai,28.5409217,77.2024306
Kalyanpuri,28.6179505,77.31422119999999
Kamala Nagar,28.6809111,77.2045867
Kanti Nagar,28.666773,77.2742782
Kapashera,28.5255897,77.0796189
Karampura,28.664819,77.14822509999999
Karampura West,28.6654637,77.1406069
Karawal Nagar,28.7283102,77.276926
Karkar Duma,28.6494295,77.30300489999999
Karkardooma,28.6529458,77.30228679999999
Karol Bagh,28.6527809,77.1921441
Kashmiri Gate,28.6664723,77.2332892
Kasturba Gandhi Marg,28.6221536,77.225807
Katwaria Sarai,28.5411219,77.1894934
Kaushambi,28.6424143,77.3187435
Kavi Nagar,28.6650342,77.42698519999999
Kavi Nagar Industrial Area,28.6850198,77.0981743
Keshav Puram,28.6874636,77.157839
Khajuri Khas,28.7100319,77.2603927
Khan Market,28.6000912,77.2270425
Khandsa Road,28.4390921,77.00674479999999
Khanpur,28.5093102,77.2309277
Khari Baoli,28.6588423,77.2211152
Khel Gaon Marg,28.550694,77.2108873
Khichripur,28.6205422,77.31592959999999
Khirki Extention,28.5308163,77.21680359999999
Khora Colony,28.6155722,77.3467996
Khureji Khas,28.6462079,77.2803832
Khyala,28.6563648,77.0981743
Kidwai Nagar,28.5718613,77.2110547
Kilokri,28.5779612,77.263863
Kingsway Camp,28.6961996,77.1998976
Kirti Nagar,28.6504091,77.14442679999999
Kirti Nagar Industrial Area,28.6472485,77.1449212
Kishan Ganj,28.6602972,77.1988371
Kishangarh,28.522365,77.1697282
Kondli,28.6122868,77.325467
Kotla,28.6123368,77.3012097
Kotla Mubarakpur,28.5754899,77.22736909999999
Krishna Nagar,28.6498489,77.2834841
Krishna Nagar East,28.6498489,77.2834841
Krishna Park,28.6387891,77.0846401
Lado Sarai,28.5244854,77.1918799
Lajpat Nagar 2,28.5692718,77.2441075
Lajpat Nagar 3,28.5674276,77.2397968
Lajpat Nagar 4,28.5609053,77.2390784
Lajpat Nagar Part 1,28.611666,77.3130576
Lajpat Nagar Part 2,28.5676955,77.2432721
Lajpat Nagar Part 3,28.5676955,77.2432721
Lajpat Nagar Part 4,28.5676955,77.2432721
Lajpat Nagar-1,28.5755205,77.2419522
Lajpat Nagar-2,28.5692718,77.2441075
Ajpat Nagar-4,28.5609053,77.2390784
Lajpat Rai Market,28.6577391,77.2358452
Lajwanti Garden,28.612447,77.1071655
Lakshmi Bai Nagar,28.5780204,77.2087952
Lal Kuan,28.4936726,77.2778144
Lawrance Road,28.6175892,77.3135065
Lawrence Road,28.6175892,77.3135065
Laxmi Nagar,28.636736,77.274807
Laxmi Nagar Market,28.6326543,77.28023650000002
Libaspur,28.7508636,77.1459998
Lodhi Colony,28.5862742,77.224306
Lodhi Estate,28.5930975,77.22352599999999
Lodhi Road,28.5909542,77.2279415
Lohia Nagar,28.6139391,77.2090212
Lohiya Nagar,28.6139391,77.2090212
Loni,28.7316438,77.30085059999999
Loni Bhopura Road,28.717988,77.3311272
Loni Road,28.7014383,77.2915206
Madangir,28.5199221,77.2304564
Madanpur Khadar,28.5308819,77.3147422
Madhu Vihar,28.6040325,77.0607637
Madipur,28.6764174,77.1194824
Maharani Bagh,28.5714978,77.2640259
Mahavir Enclave,28.6029832,77.0782426
Mahipalpur,28.5448686,77.1281345
Mahipalpur Extension,28.5470921,77.1319777
Maliwara,28.6542541,77.2293316
Malka Ganj,28.6767388,77.20865289999999
Malviya Nagar,28.5335197,77.21088569999999
Mamura,28.6026361,77.3769437
Mandawali,28.6248312,77.29249949999999
Manesar,28.3754567,76.90668289999999
Mangolpur Kalan,28.6946785,77.10177089999999
Mangolpuri,28.6925367,77.08842369999999
Mangolpuri Industrial Area Phase 1,28.6862185,77.0809093
Mangolpuri Industrial Area Phase 2,28.6850198,77.0981743
Mansarovar Garden,28.6424915,77.1326969
Mansarowar Garden,28.6424915,77.1326969
Masjid Modh,28.5436935,77.2390784
Masudpur,28.5256786,77.1540011
Mathura Road,28.6112384,77.2401143
Maujpur,28.6906285,77.2764329
Mayapuri,28.6293651,77.1266912
Mayapuri Industrial Area Phase 1,28.6304732,77.12694379999999
Mayapuri Industrial Area Phase 2,28.6179009,77.1154368
Mayur Vihar Phase 1,28.6065926,77.2936763
Mayur Vihar Phase 2,28.6169634,77.30085059999999
Mayur Vihar Phase 3,28.6117709,77.32506959999999
Mayur Vihar Phase II,28.6169634,77.30085059999999
Mayur Vihar Phase III,28.6095544,77.3302981
Meera Bagh,28.6580377,77.09089080000001
Meerut Road,28.6760432,77.4187342
Meerut Road Industrial Area,28.6760432,77.4187342
Mehrauli,28.5212083,77.1789831
Mehrauli Gurgaon Road,28.4922971,77.1454131
Mehrauli Road,28.5232298,77.1775401
MIE,28.685097,76.9513432
Minto Road,28.6390955,77.2244328
Model Basti,28.6576466,77.2029697
Model Town Part 2,28.6385606,77.1776331
Model Town Part 3,28.6952498,77.1934466
Mohammad Pur,28.8050416,77.1844619
Mohammad Pur Majri,28.7287974,77.0398951
Mohammadpur,28.5653646,77.1880559
Mohan Co-Operative Industrial Estate,28.4894237,77.30228679999999
Mohan Garden,28.6338877,77.0356152
Mohan Nagar,28.6805906,77.3747908
Molarband Extension,28.4916399,77.3160363
Mori Gate,28.6630428,77.2275823
Moti Bagh,28.5820046,77.1716841
Moti Bagh South,28.5834095,77.1681275
Moti Nagar,28.6578704,77.1426742
Motia Khan,28.6496551,77.2074614
Mujesar,28.367016,77.3058772
Mukarji Park,28.6417119,77.098534
Mukharji Nagar,28.705484,77.2035219
Mukund Nagar,28.6693454,77.42307199999999
Mundka,28.6823144,77.034937
Munirka,28.5532118,77.1744823
Nabi Karim,28.65242289999999,77.2139292
Nai Sadak,28.6531531,77.228652
Nai Sarak,28.6531531,77.228652
Najafgarh,28.6090126,76.9854526
Najafgarh Road,28.6300955,77.0779842
Najafgarh Road Industrial Area,28.658756,77.1528304
Nanakpura,28.6256064,77.2785876
Nand Nagari,28.6944225,77.3095173
Nand Nagri,28.6944225,77.3095173
Nangal Raya,28.6087477,77.1096829
Nangloi,28.6841206,77.0632942
Nangloi Extension,28.677984,77.05500719999999
Nangloi Jat,28.6841206,77.0632942
Naraina,28.6321415,77.1388522
Naraina Industrial Area,28.6850198,77.0981743
Naraina Industrial Area Phase 1,28.6313024,77.13557329999999
Naraina Industrial Ph 1,28.6313024,77.13557329999999
Naraina Vihar,28.6289883,77.1413259
Narayana Industrial Area Phase 2,28.6445203,77.1463593
Narela,28.8539597,77.0917838
Narela Industrial Area,28.829651,77.1027897
Nathupur,28.4879257,77.0995671
Nav Yug Market,28.6532203,77.103252
Naveen Shahdara,28.6761928,77.2828969
Naya Bazaar,28.6590292,77.2193187
Naya Bazar,28.6590292,77.2193187
Neb Sarai,28.5193229,77.2128512
Nehru Enclave,28.5449737,77.2487773
Nehru Place,28.5503314,77.2501893
Nehru Vihar,28.7127389,77.26781369999999
Netaji Nagar,28.5731828,77.1873371
Netaji Subhash Place,28.6961009,77.15270079999999
New Arya Nagar,28.67851,77.4241976
New Ashok Nagar,28.6621565,77.2841538
New Colony,28.5304919,77.2171629
New Friends Colony,28.5674621,77.26913259999999
New Industrial Town Ship,28.384764,77.30372299999999
New Industrial Town Ship 1,28.384764,77.30372299999999
New Kondli,28.6048262,77.3317246
New Lajpat Rai Market,28.6554519,77.23440819999999
New Modi Nagar,28.6628741,77.1434831
New Moti Nagar,28.6628741,77.1434831
New Railway Road,28.4683613,77.0255377
New Rajdhani Enclave,28.6428775,77.2943876
New Rajendra Nagar,28.6349338,77.1792825
New Rohtak Road,28.65848879999999,77.1928082
New Seemapuri,28.6877187,77.3288529
New Silampur,28.6754755,77.26781369999999
Nirman Vihar,28.6367043,77.28693679999999
NIT,28.384764,77.30372299999999
NIT Faridabad,28.384764,77.30372299999999
Nit No.1,28.403445,77.2909999
Nit No.3,28.3892859,77.2900513
Niti Bagh,28.5595022,77.21680359999999
Nizamuddin,28.5948466,77.2491365
Nizamuddin East,28.5902107,77.24993669999999
Nizamuddin West,28.5892126,77.24267069999999
Noida,28.5359025,77.3920128
Noida-Sector 38,28.5623077,77.3295708
Noida-Sector 38A,28.5623077,77.3295708
Noida Institutional Area,28.5133288,77.2441075
Noida Link Road,28.5833092,77.2405171
Noida Phase 2,28.5406346,77.4042102
Noida Sector 1,28.5900173,77.3116215
Noida Sector 2,28.5846875,77.31592959999999
Noida Sector 3,28.5801879,77.3180866
Noida Sector 4,28.5839319,77.32310939999999
Noida Sector 5,28.5183848,77.2369229
Noida Sector 6,28.593565,77.3188016
Noida Sector 7,28.596026,77.31449359999999
Noida Sector 8,28.5951643,77.328135
Noida Sector 9,28.5872077,77.32741709999999
Noida Sector 10,28.5904833,77.3317246
Noida Sector 11,28.5985755,77.3338783
Noida Sector 12,28.5962491,77.3396212
Noida Sector 13,28.656015,77.3635451
Noida Sector 14,28.5867411,77.30731329999999
Noida Sector 15,28.5820607,77.3109035
Noida Sector 16,28.5773799,77.31449359999999
Noida Sector 17,28.5734839,77.3188016
Noida Sector 18,28.570317,77.3218196
Noida Sector 19,28.5774092,77.3223915
Noida Sector 20,28.5839608,77.3310067
Noida Sector 21,28.5875737,77.3350992
Noida Sector 22,28.597062,77.34823519999999
Noida Sector 23,28.5929334,77.35276999999999
Noida Sector 24,28.5892406,77.348953
Noida Sector 25,28.583792,77.3388291
Noida Sector 26,28.5792792,77.3345961
Noida Sector 27,28.5750829,77.328135
Noida Sector 28,28.4343934,77.3123396
Noida Sector 29,28.5692377,77.3345961
Noida Sector 30,28.5739477,77.33890339999999
Noida Sector 31,28.576709,77.3453639
Noida Sector 32,28.5827178,77.34823519999999
Noida Sector 33,28.5892678,77.3568485
Noida Sector 34,28.5838004,77.3597194
Noida Sector 35,28.5798759,77.3561307
Noida Sector 38A,28.5623077,77.3295708
Noida Sector 57,28.603341,77.35397739999999
Noida Sector 6,28.593565,77.3188016
Noida Sector 61,28.5960875,77.3683319
Noida Sector 62,28.6207641,77.3639292
Noida Sector 63,28.6266412,77.3848031
Noida Sector 9,28.5872077,77.32741709999999
Noida Sector 1,28.5900173,77.3116215
Noida Sector 2,28.5846875,77.31592959999999
Noida Sector 3,28.5801879,77.3180866
Noida Sector 4,28.5839319,77.32310939999999
Noida Sector 5,28.5183848,77.2369229
Noida Sector 6,28.593565,77.3188016
Noida Sector 7,28.596026,77.31449359999999
Noida Sector 8,28.5951643,77.328135
Noida Sector 9,28.5872077,77.32741709999999
Noida Sector 10,28.5904833,77.3317246
Noida Sector 11,28.5985755,77.3338783
Noida Sector 12,28.5962491,77.3396212
Noida Sector 13,28.656015,77.3635451
Noida Sector 14,28.5867411,77.30731329999999
Noida Sector 15,28.5820607,77.3109035
Noida Sector 16,28.5773799,77.31449359999999
Noida Sector 17,,
Noida Sector 18,28.570317,77.3218196
Noida Sector 19,28.5774092,77.3223915
Noida Sector 20,28.5839608,77.3310067
Noida Sector 21,28.5875737,77.3350992
Noida Sector 22,28.597062,77.34823519999999
Noida Sector 23,28.5929334,77.35276999999999
Noida Sector 24,28.5892406,77.348953
Noida Sector 25,28.583792,77.3388291
Noida Sector 26,28.5792792,77.3345961
Noida Sector 27,28.5750829,77.328135
Noida Sector 28,28.4343934,77.3123396
Noida Sector 38A,28.5623077,77.3295708
Noida Sector 41,28.5639862,77.3625903
Noida Sector 44,28.5529427,77.33674979999999
Noida Sector 49,28.5621974,77.3740732
Noida Sector 5,28.5183848,77.2369229
Noida Sector 50,28.573405,77.37120259999999
Noida Sector 51,28.578603,77.36546109999999
Noida Sector 53,28.5898088,77.3625903
Noida Sector 57,28.603341,77.35397739999999
Noida Sector 6,28.593565,77.3188016
Noida Sector 61,28.5960875,77.3683319
Noida Sector 62,28.6207641,77.3639292
Noida Sector 63,28.6266412,77.3848031
Noida Sector 9,28.5872077,77.32741709999999
Okhla,28.56028,77.2913315
Okhla Industrail Area,28.5317061,77.27655659999999
Okhla Industrial Area,28.5317061,77.27655659999999
Okhla Industrial Area Ph 1,28.5245577,77.2793059
Okhla Industrial Area Ph 2,28.6130295,77.36546109999999
Okhla Industrial Area Ph 3,28.549291,77.26781369999999
Okhla Industrial Area Phase 1,28.5245577,77.2793059
Okhla Industrial Area Phase 2,28.6130295,77.36546109999999
Okhla Industrial Area Phase 3,28.549291,77.26781369999999
Okhla Industrial Estate,28.56028,77.2913315
Old DLF Colony,28.4702791,77.0452925
Old Faridabad,28.4203197,77.31420899999999
Old Lajpat Rai Market,28.5457474,77.2595562
Old Railway Road,28.8506734,77.08770890000001
Old Rajender Nagar,28.6404268,77.18589949999999
Old Rajendra Nagar,28.6404268,77.18589949999999
Paharganj,28.6480367,77.21298709999999
Palam,28.5900637,77.08878279999999
Palam Colony,28.5837493,77.08715049999999
Palam Vihar,28.58912,77.090711
Palam Vihar Road,28.5093045,77.0306288
Palam Village,28.5884993,77.0780316
Palika Bazar,28.6310085,77.2186001
Panchkuian Road,28.6386038,77.2098895
Panchsheel Enclave,28.54482,77.2283008
Panchsheel Park,28.5415056,77.21608499999999
Pandav Nagar,28.6147804,77.2776579
Pankha Road,28.6109887,77.0926613
Parliament Street,28.6248137,77.2137704
Parwana Road,28.6928509,77.12000119999999
Paschim Puri,28.6637593,77.1154368
East Patel Nagar,28.6463546,77.1729605
Patiala House,28.6153115,77.23440819999999
Patiala House Court,28.616513,77.23371499999999
Patparganj,28.6199877,77.292355
Patparganj Industrial Area,28.6394246,77.3109035
Peera Garhi,28.67822589999999,77.0945777
Pira Garhi,28.6765157,77.0917003
Pragati Maidan,28.6159804,77.24438239999999
Prashant Vihar,28.7157406,77.1351454
Pratap Nagar,28.7086109,77.30731329999999
Preet Vihar,28.6415889,77.2953466
Prem Nagar,28.6907368,77.053568
Priyadarshini Vihar,28.6413779,77.2785876
Pulpehladpur,28.4993959,77.29183909999999
Punjabi Bagh East,28.673751,77.12733759999999
Punjabi Bagh Extension,28.66197529999999,77.1241557
Punjabi Bagh West,28.673751,77.12733759999999
Pusa Road,28.6437449,77.1862903
Pushp Vihar,28.5236421,77.2225225
Qutab Institutional Area,28.5384505,77.1846218
R K Puram,28.5660075,77.1767435
R K Puram Sector 1,28.5633813,77.1823055
R K Puram Sector 12,28.5743032,77.17655479999999
R K Puram Sector 1,28.5633813,77.1823055
R K Puram Sector 12,28.5743032,77.17655479999999
R K Puram Sector 6,28.566073,77.1729605
R K Puram Sector 8,28.5719067,77.1664905
R K Puram Sector 9,28.5737533,77.1708039
Radheypuri Extension,28.653682,77.291156
Raghubir Nagar,28.6570269,77.1114928
Railway Road,28.8506734,77.08770890000001
Railway Station Colony,28.680273,77.18535399999999
Raj Nagar,28.5794838,77.0802425
Raja Garden,28.6521553,77.12514589999999
Rajauri Garden,28.6415294,77.1209145
Rajeev Nagar,28.7381951,77.06011939999999
Rajender Nagar,28.6372353,77.18236379999999
Rajendra Nagar,28.6875186,77.36529209999999
Rajendra Place,28.6424557,77.1780824
Rajgarh Colony,28.6616183,77.27458680000001
Rajiv Nagar,28.7105484,77.244826
Rajouri Garden,28.6415294,77.1209145
Ram Nagar,28.6468266,77.2153664
Ramakrishna Puram,28.5660075,77.1767435
Ramesh Nagar,28.6526794,77.1315283
Ramkrishnapuram,28.6139391,77.2090212
Rampura,28.6732479,77.1526506
Ramteram Road,28.6139391,77.2090212
Rana Pratap Bagh,28.6850665,77.1938511
Rangpuri,28.527879,77.10988970000001
Rani Bagh,28.6155727,77.07181709999999
Rani Jhansi Road,28.6622531,77.2072228
Ranjit Nagar,28.6473089,77.1579605
Red Fort,28.65889989999999,77.2409959
Rohini-Sector 13,28.7225368,77.12775859999999
Rohini-Sector 14,28.7112672,77.1326969
Rohini-Sector 2,28.6975436,77.10177089999999
Rohini-Sector 3,28.6997737,77.1154589
Rohini-Sector 9,28.7161663,77.1240672
Rohini Sec-16,28.7419484,77.1240672
Rohini Sector 1,28.7047976,77.095297
Rohini Sector 10,28.7210643,77.1154368
Rohini Sector 11,28.7360107,77.11076179999999
Rohini Sector 15,28.7309194,77.1277312
Rohini Sector 16,28.7354495,77.117477
Rohini Sector 17,28.7408388,77.1125599
Rohini Sector 18,28.7430568,77.13557329999999
Rohini Sector 2,28.6975436,77.10177089999999
Rohini Sector 24,28.7284523,77.0881034
Rohini Sector 3,28.6997737,77.1154589
Rohini Sector 4,28.7108049,77.0981743
Rohini Sector 5,28.7163042,77.10320949999999
Rohini Sector 6,28.7144537,77.11218910000001
Rohini Sector 7,28.7080569,77.11795409999999
Rohini Sector 8,28.7020337,77.12379279999999
Rohini Sector 9,28.7161663,77.1240672
Rohtak Road,28.68309439999999,77.0216684
Rohtash Nagar East,28.6775157,77.2883811
Rohtash Nagar West,28.6775157,77.2883811
Roop Nagar,28.6855831,77.2009932
Roshan Pura,28.6013521,76.9769082
Roshanara Road,28.670526,77.20247479999999
Sadar Bazaar,28.6569553,77.2122028
Sadar Thana Road,28.6560201,77.2108683
Sadatpur,28.7258733,77.2627855
Safdarjanj Enclave,28.5632857,77.1911547
Safdarjung Development Area,28.5506847,77.2005212
Safdarjung Enclave,28.5632857,77.1911547
Sagar Pur,28.6041009,77.0976165
Sagarpur West,28.6041009,77.0976165
Sahibabad,28.6653643,77.3493347
Sahibabad Industrial Area,28.6754258,77.3448995
Sahibabad Industrial Area Site 4,28.6609173,77.3410569
Saini Enclave,28.6527655,77.3060567
Sainik Farm,28.5068824,77.211229
Saiyad Ul Ajaib,28.517186,77.20171189999999
Saket,28.5245787,77.206615
Samaipur,28.752003,77.13944819999999
Samaypur,28.7430803,77.1404673
Samaypur Badli,28.7324287,77.1442022
Sangam Vihar,28.498909,77.2389974
Sanjay Colony/Ghaziabad,28.7025895,77.28541059999999
Sanjay Gandhi Memorial Nagar,28.403512,77.28936060000001
Sanjay Gandhi Transport Nagar,28.7387115,77.1499544
Sansad Marg,28.6248137,77.2137704
Sant Nagar,28.5541775,77.2512917
Sarai Julena,28.5600653,77.27176419999999
Sarai Khwaja,28.4828174,77.307092
Sarai Rohila,28.6653838,77.18881329999999
Sarai Rohilla,28.6653838,77.18881329999999
Saraswati Vihar,28.6964967,77.1250482
Sardar Bazar,28.6569553,77.2122028
Sarita Vihar,28.5279579,77.289785
Sarojani Nagar,28.5757137,77.1990075
Sarojani Nagar Market,28.5772672,77.19632159999999
Sarojini Nagar,28.5757137,77.1990075
Sarvapriya Vihar,28.542767,77.20674269999999
Sarvodaya Enclave,28.5361653,77.19775849999999
Satya Niketan,28.5875609,77.1690067
Savita Vihar,28.6609622,77.3188016
Savitri Nagar,28.539235,77.2186001
Sector 1-Noida,28.5900173,77.3116215
Sector 10-Noida,28.5904833,77.3317246
Sector 10 Noida,28.5904833,77.3317246
Sector 11-Noida,28.5985755,77.3338783
Sector 11-Noida,28.5985755,77.3338783
Sector 12-Gurgaon,28.5743032,77.17655479999999
Sector 12-Noida,28.5962491,77.3396212
Sector 12 Noida,28.5962491,77.3396212
Sector 14-Gurgaon,28.4707417,77.0463719
Sector 14 Gurgaon,28.4707417,77.0463719
Sector 15-Noida,28.5820607,77.3109035
Sector 15 A-Noida,28.5820607,77.3109035
Sector 15 Noida,28.5820607,77.3109035
Sector 15-I-Gurgaon,28.4621359,77.0463719
Sector 15-II-Gurgaon,28.4634534,77.0418315
Sector 16-Noida,28.5773799,77.31449359999999
Sector 16 A-Noida,28.5773799,77.31449359999999
Sector 16 Noida,28.5773799,77.31449359999999
Sector 17-Gurgaon,28.4791609,77.0593246
Sector 18-Noida,28.570317,77.3218196
Sector 18-Gurgaon,28.4945045,77.0692827
Sector 18 Gurgaon,28.4945045,77.0692827
Sector 18 Noida,28.570317,77.3218196
Sector 19-Noida,28.5774092,77.3223915
Sector 19 Noida,28.5774092,77.3223915
Sector 2-Noida,28.5846875,77.31592959999999
Sector 2 Noida,28.5846875,77.31592959999999
Sector 20-Noida,28.5839608,77.3310067
Sector 21-Noida,28.5875737,77.3350992
Sector 22-Gurgaon,28.507241,77.06404859999999
Sector 22-Noida,28.597062,77.34823519999999
Sector 22 Noida,28.597062,77.34823519999999
Sector 23-Gurgaon,28.5110641,77.0630248
Sector 24-Noida,28.5892406,77.348953
Sector 25-Noida,28.583792,77.3388291
Sector 25 A-Noida,28.583792,77.3388291
Sector 26-Noida,28.5792792,77.3345961
Sector 26 Noida,28.5792792,77.3345961
Sector 27-Noida,28.5750829,77.328135
Sector 27 Noida,28.5750829,77.328135
Sector 28-Noida,28.4343934,77.3123396
Sector 29-Gurgaon,28.4669448,77.06652
Sector 29 Noida,28.5692377,77.3345961
Sector 3-Gurgaon,28.554777,77.1823055
Sector 3-Noida,28.5801879,77.3180866
Sector 3 Noida,28.5801879,77.3180866
Sector 30-Noida,28.5739477,77.33890339999999
Sector 31-Gurgaon,28.453807,77.04925039999999
Sector 31-Noida,28.576709,77.3453639
Sector 31 Gurgaon,28.453807,77.04925039999999
Sector 31 Noida,28.576709,77.3453639
Sector 32-Gurgaon,28.4472372,77.04061469999999
Sector 33-Noida,28.5892678,77.3568485
Sector 34-Gurgaon,28.4282635,77.0075055
Sector 34-Noida,28.5838004,77.3597194
Sector 35-Noida,28.5798759,77.3561307
Sector 37-Gurgaon,28.4378989,76.9980138
Sector 37-Noida,28.5670458,77.3417748
Sector 37 Gurgaon,28.4378989,76.9980138
Sector 39-Noida,28.5720533,77.3568485
Sector 4-Gurgaon,28.5580188,77.17871140000001
Sector 4-Noida,28.5839319,77.32310939999999
Sector 4 Gurgaon,28.5580188,77.17871140000001
Sector 4 Noida,28.5839319,77.32310939999999
Sector 40-Gurgaon,28.4498494,77.0566887
Sector 40-Noida,28.563175,77.35397739999999
Sector 41-Noida,28.5639862,77.3625903
Sector 41 Noida,28.5639862,77.3625903
Sector 44-Noida,28.5529427,77.33674979999999
Sector 47-Gurgaon,28.4264124,77.0478112
Sector 49-Noida,28.5621974,77.3740732
Sector 49 Noida,28.5621974,77.3740732
Sector 5-Gurgaon,28.5666228,77.17871140000001
Sector 5-Noida,28.5183848,77.2369229
Sector 5 Gurgaon,28.5666228,77.17871140000001
Sector 5 Noida,28.5183848,77.2369229
Sector 50-Noida,28.573405,77.37120259999999
Sector 50 Noida,28.573405,77.37120259999999
Sector 51-Noida,28.578603,77.36546109999999
Sector 51 Noida,28.578603,77.36546109999999
Sector 52-Noida,28.5874806,77.3683319
Sector 53-Gurgaon,28.4396185,77.0971527
Sector 53-Noida,28.5898088,77.3625903
Sector 54-Gurgaon,28.4382322,77.11112140000002
Sector 55-Gurgaon,28.4280506,77.1096829
Sector 55-Noida,28.6049178,77.3489877
Sector 56-Gurgaon,28.4262171,77.09676499999999
Sector 56-Noida,28.6022574,77.3424926
Sector 57-Noida,28.603341,77.35397739999999
Sector 57 Noida,28.603341,77.35397739999999
Sector 58-Noida,28.6067511,77.3597194
Sector 58 Noida,28.6067511,77.3597194
Sector 59-Noida,28.6075627,77.3683319
Sector 6-Gurgaon,28.4745345,77.0262205
Sector 6-Noida,28.593565,77.3188016
Sector 60-Noida,28.6024748,77.36761419999999
Sector 61-Noida,28.5960875,77.3683319
Sector 61 Noida,28.5960875,77.3683319
Sector 62-Noida,28.6207641,77.3639292
Sector 62 Noida,28.6207641,77.3639292
Sector 63 Noida,28.6266412,77.3848031
Sector 7-Gurgaon,28.5842915,77.07155639999999
Sector 7-Noida,28.596026,77.31449359999999
Sector 8-Noida,28.5951643,77.328135
Sector 8 Noida,28.5951643,77.328135
Sector 9-Noida,28.5872077,77.32741709999999
Sector 9 Noida,28.5872077,77.32741709999999
Sector10-Faridabad,28.3767392,77.3252633
Sector11-Faridabad,28.3742211,77.3203611
Sector12-Faridabad,28.3834671,77.3234873
Sector14-Faridabad,28.3947823,77.3338783
Sector15-Faridabad,28.3952729,77.3238274
Sector15 Faridabad,28.3952729,77.3238274
Sector15A-Faridabad,28.5760515,77.3080313
Sector15A Faridabad,28.5760515,77.3080313
Sector16-Faridabad,28.4138045,77.3223915
Sector16 Faridabad,28.4050107,77.31858179999999
Sector16A-Faridabad,28.4089726,77.3160664
Sector17-Faridabad,28.4073009,77.3295708
Sector19-Faridabad,28.5774092,77.3223915
Sector21C-Faridabad,28.4314078,77.29670329999999
Sector23-Faridabad,28.3581024,77.2951057
Sector24-Faridabad,28.5892406,77.348953
Sector24 Faridabad,28.5892406,77.348953
Sector25-Faridabad,28.583792,77.3388291
Sector27A-Faridabad,28.4346373,77.30731329999999
Sector28-Faridabad,28.4343934,77.3123396
Sector29-Faridabad,28.4339049,77.3223915
Sector31-Faridabad,28.4454913,77.3124067
Sector37-Faridabad,28.4796854,77.3122402
Sector4-Ghaziabad,28.6812118,77.3661788
Sector5-Ghaziabad,28.6796478,77.3567607
Sector59-Faridabad,28.3988263,77.2912389
Sector6-Faridabad,28.5283578,77.2211152
Sector9-Faridabad,28.3733754,77.335314
Faridabad,28.6139391,77.2090212
Seelampur,28.6698997,77.2666465
Seemapuri Old,28.680687,77.33028879999999
Seikh Sarai,28.5363155,77.2218338
Seikh Sarai Phase 2,28.5352404,77.22937859999999
Sewa Nagar,28.578867,77.22768630000002
Shadipur,28.651027,77.1562196
Shahdara,28.6888393,77.2674795
Shahpur Jat,28.5490509,77.2138142
Shakarpur,28.6279488,77.2786205
Shakarpur Extension,28.6318871,77.2843333
Shakarpur Khas,28.6275525,77.2764329
Shakti Nagar,28.6800116,77.1976346
Shakur Basti,28.6806102,77.1277186
Shakur Pur,28.6846245,77.1338497
Shakurpur,28.6846245,77.1338497
Shakurpur Colony,28.6868623,77.14707829999999
Shalimar Bagh,28.7164134,77.15458459999999
Shalimar Garden,28.689047,77.335314
Shalimar Garden Extention 1,28.6902392,77.3403391
Shalimar Garden Extention 2,28.6902392,77.3403391
Shalimar Park,28.6666874,77.2846924
Shankar Nagar,28.6641791,77.27715119999999
Shanti Niketan,28.5779173,77.16936609999999
Sharda Puri,28.6473,77.1305395
Shardhanand Marg,28.6893475,77.2839013
Shastri Nagar,28.6700478,77.1818562
Shastri Park,28.669894,77.2554657
Sheik Sarai,28.5363155,77.2218338
Sheikh Sarai,28.5363155,77.2218338
Sheikh Sarai Part 1,28.5363155,77.2218338
Shiv Nagar,28.629508,77.0945777
Shiv Puri,28.60052,77.0949373
Shivalik,28.5340242,77.2053054
Shivpuri,28.7456898,77.1406069
Shreshtha Vihar,28.6579588,77.3173656
Sikandarpur,28.4794221,77.1068059
Silampur,28.6640177,77.2711667
Siri Fort Road,28.5553447,77.22213990000002
Sirkiwalan,28.6518345,77.22372000000001
Sitaram Bazar,28.6459528,77.23117169999999
Sohna Road,28.3743697,77.0563265
Sonipat,28.6139391,77.2090212
South City 1,28.4779314,77.1748171
South Extension 1,28.5732907,77.2219418
South Extension 2,28.5666032,77.2201326
South Extension Part 1,28.5732907,77.2219418
South Extension Part 2,28.5666032,77.2201326
South Patel Nagar,28.6448802,77.16505269999999
Srinivaspuri,28.5660932,77.25297479999999
Subhash Nagar,28.640446,77.1049178
Sukhdev Vihar,28.5570172,77.2762863
Sukhrali,28.4770788,77.0600442
Sultan Puri,28.6979416,77.0659264
Sultanpur,28.4964056,77.1643337
Sultanpuri,28.6979416,77.0659264
Sundar Nagar,28.6024006,77.2422103
Sunder Nagari,28.6949907,77.3223915
Sunder Vihar,28.6641293,77.0895421
Surajmal Vihar,28.6598215,77.30497
Surya Nagar,28.7189818,76.8879496
Sushant Lok,28.4634412,77.07675569999999
Sushant Lok Phase 1,28.6353011,77.2248008
Sushant Lok Phase II,28.4656216,77.0777226
Swasthya Vihar,28.6401136,77.28792419999999
Tagore Garden,28.6438947,77.1128296
Taimoor Nagar,28.5731624,77.2699686
Tank Road,28.648,77.1869695
Tigri,28.5114847,77.2397968
Tilak Marg,28.6200527,77.2364103
Timarpur,28.7003675,77.2207566
Tis Hazari,28.6670943,77.2165342
Tis Hazari Court,28.666698,77.219414
Tolstoy Marg,28.6263638,77.22048459999999
Tri Nagar,28.6779655,77.1580929
Trilokpuri,28.6045961,77.3067772
Tughlakabad Extension,28.5205239,77.2570535
Tughlaqabad,28.5163996,77.2613488
Tughlaqabad Extension,28.5037965,77.2913209
Turab Nagar,28.6139391,77.2090212
Turkman Gate,28.6409802,77.2329712
Uday Park,28.5601003,77.2193187
Udyog Nagar,28.68159929999999,77.0924196
Udyog Vihar,28.507243,77.0674481
Udyog Vihar-Industrial Area Phase 2,28.559667,77.0559067
Udyog Vihar-Industrial Area Phase 3,28.4376088,77.0003067
Udyog Vihar-Industrial Area Phase 4,28.4376088,77.0003067
Udyog Vihar Industrial Area Phase 2,28.559667,77.0559067
Udyog Vihar Industrial Area Phase 3,28.4376088,77.0003067
Udyog Vihar Industrial Area Phase 4,28.4376088,77.0003067
Udyog Vihar Industrial Area VI,28.4376088,77.0003067
Udyog Vihar Phase 4,28.4941463,77.0809093
Udyog Vihar Phase 5,28.504655,77.08481789999999
Vaishali,28.7021499,77.13902019999999
Vaishali Sector 1,28.6356338,77.3388511
Vaishali Sector 2,28.6386244,77.3403391
Vaishali Sector 3,28.641221,77.33746769999999
Vaishali Sector 4,28.6465998,77.3395938
Vaishali Sector 5,28.642684,77.3453639
Vasant Enclave,28.5731142,77.1603796
Vasant Kunj,28.5273352,77.1515453
Vasant Kunj-Sector A,28.5133825,77.16936609999999
Vasant Kunj-Sector B,28.5274118,77.1585822
Vasant Kunj-Sector C,28.5378671,77.1454007
Vasant Kunj-Sector D,28.5254842,77.1433249
Vasant Kunj Sector A,28.5133825,77.16936609999999
Vashisht Park,28.6085535,77.0971203
Vasundhara,28.6636281,77.3697672
Vigyan Vihar,28.6606745,77.3119806
Vijay Enclave,28.6039811,77.07444439999999
Vijay Nagar,28.6914526,77.2024306
Vikas Marg,28.6311445,77.27820969999999
Vikaspuri,28.6387532,77.0738028
Vinod Nagar,28.6318871,77.2843333
Vinod Nagar East,28.6229205,77.3086902
Vinod Nagar West,28.624646,77.2986963
Vishnu Garden,28.6519345,77.0940718
Vishwas Nagar,28.6613249,77.29612709999999
Vivek Vihar,28.6712458,77.3176541
Wazir Nagar,28.5714723,77.2257859
Wazirabad,28.7336221,77.21902279999999
Wazirpur,28.7002168,77.1637899
Wazirpur Colony,28.6901319,77.1736794
Wazirpur Industrial Area,28.6999815,77.1643337
West Patel Nagar,28.6516999,77.1652496
Yamuna Vihar,28.7009403,77.2721047
Yojana Vihar,28.6621239,77.31592959999999
Yusuf Sarai,28.5586804,77.20818009999999
Zakir Nagar,28.5691392,77.2786314
Zamrudpur,28.5571147,77.2369229
A K Market,28.6532203,77.103252
Aliganj,28.5762179,77.2229116
Alipur,28.7972263,77.13313629999999
Amar Colony,28.5617318,77.242679
Amberhai,28.5782314,77.0496102
Anandwas,28.6139391,77.2090212
Ansari Nagar,28.5689135,77.17224089999999
APS Colony,28.5748868,77.1377306
A F Palam,28.5900637,77.08878279999999
Arjun Garh,28.475239,77.1175451
Ashoka Park Extension,28.6713873,77.1518797
Auchandi,28.8227365,76.9926789
Aaya Nagar,28.4769517,77.133416
Badosarai,28.6139391,77.2090212
Bagrola,28.5715292,77.0729954
Bakhtawarpur,28.8242148,77.1721541
Bakkarwala,28.6665007,77.01637149999999
Bakoli,28.8141928,77.1456402
Balbir Nagar,28.6837177,77.29043779999999
Bank Street,28.6497723,77.19597379999999
Baprola,28.6397833,77.0080007
Baroda House,28.6170514,77.2300971
Bharthal,28.5428042,77.0491436
Barwala,28.7618856,77.0636419
Bengali Market,28.628811,77.2332297
Bhagat Singh Market,28.6163495,77.3189811
Bhorgarh,28.8277124,77.0860672
Birla Lines,28.6018769,77.2143351
BSF Camp Tigri,28.5114847,77.2397968
BTPS Badarpur Thermal Power Station,28.5074422,77.3002162
CGO Complex,28.5893143,77.2362044
Chandan Hola,28.4696332,77.1844619
Chand Nagar,28.6485532,77.09889369999999
Chandpur,28.75322,77.008273
Chhatarpur,28.4958562,77.1848254
Chaukhandi,28.6472126,77.0924196
Chhawla,28.562109,77.0023039
Chilla,28.5959804,77.3026459
Constitution House,28.6139391,77.2090212
CRPF Jharoda Kalan,28.634548,76.963019
Dada Ghosh Bhawan,28.6139391,77.2090212
Dareeba,28.6415494,77.22081229999999
Dargah Sharif,28.5829883,77.2166015
Daryapur Kalan,28.8141109,77.01182460000001
Daulatpur,28.5468584,76.95977049999999
D C Goyla,28.5911653,76.9988331
D C Nangli Sakravati,28.620305,77.00128819999999
Delhi Engineering College,28.5712909,77.3164681
Delhi Industrail Area,28.6850198,77.0981743
Delhi Patel Nagar,28.6544346,77.16888
Delhi Sadar Bazar,28.6569553,77.2122028
Delhi University,28.7080395,77.2110547
Deoli,28.5019207,77.2297379
Dera,28.433333,77.18333299999999
Dhansa,28.5544853,76.8650289
Dichaon Kalan,28.6413612,76.9840178
Dindarpur,28.5925362,76.9938274
District Court,28.5327296,77.3112503
DK Mohan Garden,28.6223422,77.0397235
Bazar Road,28.6410833,77.2132333
Old Seemapuri,28.680687,77.33028879999999
Technology Bhavan,28.5378309,77.189763
Tehkhand Edso,28.6139391,77.2090212
Teliwara,28.6614155,77.2142885
Tikri Kalan,28.6823459,76.9671865
Tikri Khurd,28.8351692,77.1182324
Tilak Nagar East,28.6390693,77.0867741
Tilangpur Kotla,28.6466279,77.02571499999999
Tughlakabad Railway Colony,28.5068569,77.28936060000001
Udyog Bhawan,28.611014,77.2122442
Ujwa,28.5626845,76.9153281
Union Public Service Commission,28.6139391,77.2090212
Karala,28.731552,77.0319832
Kanya,28.6344591,77.1786657
Kangan Heri,28.5461863,76.9901874
Kamla Nagar,28.6809111,77.2045867
IIT Hauz Khas,28.544788,77.1898705
Jaffarpur Kalan,28.5901698,76.920915
Khaira,28.5968675,76.97146409999999
Khampur,28.8248251,77.1320616
Khajuri Khas,28.7100319,77.2603927
Khera Dabur,28.5837995,76.93690629999999
Khera Kalan,28.7696625,77.1158414
Khera Khurd,28.7752193,77.0975606
Kidwai Nagar East,28.5718613,77.2110547
Kidwai Nagar West,28.5718613,77.2110547
Kirby Place,28.6166063,77.1300404
Krishi Bhawan,28.6156798,77.2123781
Krishna Market,28.5925051,77.0045355
Ladpur,28.7376773,76.99587319999999
Lady Hardinge Medical College,28.6350845,77.2124919
Lajpat Nagar,28.5676955,77.2432721
Lal Kuan Edso,28.6139391,77.2090212
Lampur,28.8516453,77.0593246
Laxmi Bai Nagar,28.5780204,77.2087952
L M Nagar Industrial Area,28.6623982,77.1393967
Lodhi Colony Market,28.6377905,77.1809857
Loni Road Housing Complex,28.6139391,77.2090212
L R Market,28.5838813,77.1781973
Madipur Slum Quarters,28.6635635,77.11710599999999
Madipur Village,28.6764174,77.1194824
Mahabir Nagar,28.6342693,77.0845064
Maidangarhi,28.4985273,77.1951582
Majradabas,28.7700127,76.9971205
Malcha Marg,28.6016102,77.18564060000001
Malikpur,28.5521976,76.9004959
Mandawali Fazalpur,28.6267547,77.2889129
Mandi,28.4451711,77.1443973
Mangolpuri,28.6925367,77.08842369999999
Mansarovar Park,28.6754463,77.3009853
Masjidmoth Greater Kailash,28.5436935,77.2390784
Masoodpur,28.5256786,77.1540011
Master Prithvinath Marg,28.6527264,77.1987305
Matiala,28.6094086,77.05432499999999
Maurya Enclave,28.7488098,77.1991965
MBS Nagar,28.6473047,77.0859452
Mitraon,28.6056141,76.944141
Mubarakpur Dabas,28.7092886,77.0328196
Multani Dhanda,28.6478483,77.2110547
Mundela Kalan,28.6119148,76.8949702
Nangal Dewat,28.5254846,77.1384496
Nangal Thakran,28.8084707,77.0053459
Naraina Village,28.6321415,77.1388522
Nasirpur,28.5997845,77.0913021
Nathupura,28.7657595,77.18333489999999
National Physical Laboratory,28.6139391,77.2090212
Nauroji Nagar,28.5674849,77.19524349999999
Naya Bans,28.7855015,77.093139
Nehru Nagar,28.6639328,77.16924279999999
New Delhi GPO,28.6994198,77.08213959999999
New Multan Nagar,28.6810457,77.10896369999999
New Usmanpur,28.68183789999999,77.257894
NI Area,28.6139391,77.2090212
NIE Campus,28.6139391,77.2090212
Nilothi,28.6511815,77.0593246
Nimri,28.6415494,77.22081229999999
Nirankari Colony,28.7165478,77.20638339999999
Nirman Bhavan,28.610411,77.21741399999999
Nizampur,28.7167134,76.9671865
North Avenue,28.6737987,77.1285619
NSIT Dwarka,28.6082606,77.0350863
Okhla Canal Edbo,28.6139391,77.2090212
Rani Khera,28.7040152,77.0132643
Raota,28.5237806,76.90226539999999
Rashtrapati Bhavan,28.6141527,77.1959622
Rewla Khanpur,28.5647261,76.98144099999999
Rithala,28.7208443,77.1071206
Rohtash Nagar,28.6775157,77.2883811
RR Hospital,28.6139391,77.2090212
Sadiq Nagar,28.5555867,77.2255594
Safdarjung Airport,28.583334,77.205833
Samalkha,28.5342052,77.087384
Sanoth,28.8147375,77.0740356
Himmatpuri,28.6036798,77.304441
Hiran Kudna,28.6731361,76.9984049
Holambi Kalan,28.80659039999999,77.09681359999999
Indira Gandhi National Open University,28.6368477,77.250259
Indira Park,28.595988,77.0999726
Indraprastha,28.6545622,77.2308955
Issapur,28.5763063,76.8652686
Hamdard Nagar,28.5153091,77.2498549
Hari Nagar Ashram,28.5736253,77.2559612
Hastal Village,28.6377129,77.0490264
Ganeshpura,28.6775654,77.16217689999999
Hareveli,28.6249229,77.1065915
Gheora,28.6901066,76.9939826
Dhulsiras,28.5641729,77.0413344
Election Commission,28.6139391,77.2090212
Fatehpur Beri,28.4576531,77.1795558
Gadaipur,28.4802627,77.1567848
Ghalibpur,28.5312088,76.88650849999999
Green Park Market,28.5618637,77.20584439999999
Guru Teg Bahadur Hospital,28.6248472,77.20043729999999
Gymkhana Club,28.598096,77.2042274
Ghoga,28.8316702,77.0488906
Ghonda,28.6903201,77.2656588
Ghuman Hera,28.536264,76.91396399999999
Ghokalpuri,28.7034255,77.2828969
Goverdhan Bihari Colony,28.67062109999999,77.2818601
Jharoda Majra,28.7276858,77.20674269999999
Jhatikra,28.5209051,76.9640111
Jhilmil,28.6757994,77.3124192
JNU New Campus,28.5829644,77.16217689999999
Johripur,28.7174577,77.2851341
Jwala Heri,28.6687241,77.1031082
Jwalapuri,28.6781308,77.078751
Kadipur,28.7735014,77.16179530000001
Kakrola,28.5984354,77.0220207
Kalyanvas,28.6201344,77.3116215
Guru Gobind Singh Marg,28.65848879999999,77.1928082
Gurukul,28.4695738,77.29397569999999
Hazrat Nizamuddin,28.58939,77.2465119
Hiranki,28.7988215,77.1793661
H.S.Sangh,28.660386,77.20798309999999
Pandwala Kalan,28.565722,76.963067
Onkar Nagar,28.6745616,77.1607391
Padam Nagar,28.6661765,77.18913409999999
Palam Airport,28.5859492,77.0934087
Palla,28.8436202,77.1849609
Pandara Road,28.6059896,77.2307423
Paprawat,28.5803203,76.97870759999999
Parliament House,28.6248137,77.2137704
Paryavaran Complex,28.514317,77.20171189999999
Patel Nagar,28.6544346,77.16888
Patrachar Vidyalaya,28.6139391,77.2090212
Pehlad Pur,28.4993959,77.29183909999999
Pehladpur,28.7376707,77.07925990000001
Pinto Park,28.578238,77.101508
Pooth Khurd,28.7690808,77.04925039999999
Power House,28.7033146,77.11426809999999
Pragati Vihar,28.5869347,77.23381859999999
Prashant Vihar,28.7157406,77.1351454
Pratap Market,28.5564545,77.17458719999999
Punjab Khor,28.7766011,76.9630025
Pushpa Bhavan,28.5277757,77.23337529999999
Pooth Kalan,28.7110774,77.078751
Qutabagarh,28.5717691,77.16505269999999
Raghubar Pura,28.7154978,77.267673
Rail Bhawan,28.6158651,77.2115487
Rajokri,28.5125329,77.11098129999999
Ranhola,28.65612849999999,77.0406828
Satbari,28.4787481,77.1939062
Sat Nagar,28.647464,77.1837597
Satyawati Nagar,28.6883683,77.18518069999999
Shahbad Daulatpur,28.7494317,77.1125599
Kancharapalem,28.6139391,77.2090212
Delhi Ncr,28.6345148,77.3573837
Shivaji Park,28.6832402,77.28541059999999
Signal Enclave,28.5747516,77.14744449999999
Govind Pura,28.6488191,77.2814605
Kasturba Nagar,28.5777976,77.2243977
Katewara,28.8038224,76.9769917
S J Enclave,28.6423186,77.2805137
Shakur Basti Depot,28.677042,77.114955
Shastri Bhavan,28.6354125,77.1845792
Siraspur,28.7619156,77.1390725
Sonia Vihar,28.7332472,77.2495891
South Avenue,28.6083048,77.1991805
Sriniwaspuri,28.56669,77.253103
Station Road Delhi,28.599629,77.14118359999999
Subroto Park,28.5797808,77.15139239999999
Subzi Mandi,28.6694461,77.2045867
Surehra,28.5971219,76.9378697
Swami Ramthirth Nagar,28.6139391,77.2090212
Tajpur Kalan,28.8373807,77.1718195
Talimabad,28.5048895,77.2534469
TB Hospital,28.5286991,77.1886054
Jagjit Nagar,28.6693976,77.2491365
Jaitpur Edbo,28.6139391,77.2090212
Janata Market,28.6397668,77.1229884
Jat Khore,28.787561,76.9743873
Jaunapur,28.4670968,77.1525034
Jaunti,28.7491802,76.96881789999999
Jharoda Kalan,28.6525882,76.9504542
Jeevan Park,28.7555995,77.1431236
Secretariat North,28.6151947,77.2059342
Shahbad Mohammadpur,28.560788,77.072042
Singhu,28.8543318,77.12940340000002
Subhash Nagar West,28.6339059,77.12098379999999
V. K. Nagar,28.6207779,77.28303869999999
Shahdara Mandi,28.67425739999999,77.31916060000002
Rajghat Power House,28.6139391,77.2090212
Sabhapur,28.7477021,77.2512917
Air Force Station Tughlakabad,28.511772,77.257845
Ajmeri Gate Extension,28.5958448,77.1399371
Bagdola,28.5715292,77.0729954
Quazipur,28.6286586,77.3207839
SP School Edso,28.6139391,77.2090212
Sri Nagar Colony,28.6804628,77.186798
S T Road,28.5384273,77.1988808
Zakhira,28.6665152,77.1664905
